"1","new","mới"
"2","company","công ty"
"3","Mr.","ông"
"4","year","năm"
"5","service","dịch vụ"
"6","please","vui lòng"
"7","customer","khách hàng"
"8","work","làm việc / công việc"
"9","email","thư điện tử"
"10","Ms.","bà"
"11","make","làm"
"12","more","thêm / nhiều hơn"
"13","time","thời gian / thời điểm"
"14","product","sản phẩm"
"15","business","kinh doanh / doanh nghiệp"
"16","day","ngày"
"17","employee","nhân viên"
"18","use","sử dụng"
"19","information","thông tin"
"20","member","thành viên"
"21","order","đơn hàng / đặt hàng"
"22","letter","lá thư"
"23","provide","cung cấp"
"24","date","ngày"
"25","receive","nhận"
"26","office","văn phòng"
"27","manage","quản lý"
"28","month","tháng"
"29","most","nhiều nhất / hầu hết"
"30","also","cũng"
"31","hotel","khách sạn"
"32","include","bao gồm"
"33","than","so với"
"34","only","chỉ"
"35","price","giá"
"36","purchase","mua"
"37","other","khác"
"38","week","tuần"
"39","thank","cám ơn"
"40","send","gửi"
"41","plan","kế hoạch / lên kế hoạch"
"42","open","mở"
"43","contact","liên lạc"
"44","change","thay đổi"
"45","add","thêm"
"46","store","cửa hàng"
"47","article","bài báo"
"48","call","gọi"
"49","schedule","lịch trình / lên lịch"
"50","event","sự kiện"
"51","first","đầu tiên / thứ nhất"
"52","center","trung tâm"
"53","free","miễn phí / tự do"
"54","ask","hỏi / yêu cầu"
"55","like","thích"
"56","next","tiếp theo"
"57","request","yêu cầu"
"58","job","việc làm / công việc"
"59","before","trước"
"60","department","bộ phận"
"61","after","sau"
"62","design","thiết kế"
"63","city","thành phố"
"64","number","số / số lượng"
"65","high","cao"
"66","need","cần"
"67","conference","hội nghị"
"68","know","biết"
"69","meeting","cuộc họp"
"70","give","đưa / đưa ra"
"71","special","đặc biệt"
"72","staff","nhân viên"
"73","room","phòng"
"74","announce","thông báo"
"75","website","trang web"
"76","write","viết"
"77","visit","ghé thăm / chuyến đi"
"78","hour","giờ"
"79","require","yêu cầu"
"80","help","giúp đỡ"
"81","because","bởi vì"
"82","increase","tăng"
"83","people","người"
"84","find","tìm thấy / cảm thấy"
"85","complete","hoàn thành / hoàn chỉnh"
"86","attend","tham dự"
"87","program","chương trình"
"88","book","sách"
"89","according to","theo như"
"90","many","nhiều"
"91","food","đồ ăn / thực phẩm"
"92","travel","đi lại / du lịch"
"93","last","vừa qua / trước"
"94","current","hiện tại"
"95","project","dự án"
"96","report","báo cáo"
"97","form","mẫu (đơn)"
"98","follow","theo sau / làm theo"
"99","area","khu vực"
"100","during","trong suốt"
"101","experience","kinh nghiệm"
"102","notice","chú ý / thông báo"
"103","team","đội / nhóm"
"104","pay","chi trả"
"105","cost (n)","chi phí"
"106","march","tháng Ba"
"107","computer","máy tính"
"108","come","đến"
"109","very","rất"
"110","june","tháng Sáu"
"111","see","xem / thấy"
"112","problem","vấn đề"
"113","deliver","giao (hàng...)"
"114","each","mỗi"
"115","want","muốn"
"116","start","bắt đầu"
"117","submit","nộp"
"118","large","lớn"
"119","home","nhà"
"120","say","nói"
"121","hope","hy vọng"
"122","there is","có"
"123","where","nơi nào / nơi mà"
"124","card","thẻ"
"125","register","đăng ký"
"126","expect","trông đợi"
"127","able","có thể"
"128","best","tốt nhất"
"129","ticket","vé"
"130","develop","phát triển"
"131","now","bây giờ"
"132","august","tháng Tám"
"133","director","giám đốc"
"134","april","tháng Tư"
"135","get","có được / lấy"
"136","name","tên"
"137","question","câu hỏi"
"138","july","tháng Bảy"
"139","much","nhiều"
"140","take","lấy / mang"
"141","ship","giao (hàng)"
"142","begin","bắt đầu"
"143","research","nghiên cứu"
"144","advertise","quảng cáo"
"145","charge","phí / tính phí"
"146","long","dài / lâu"
"147","return","trả lại / trở lại"
"148","hold","tổ chức"
"149","while","trong khi"
"150","review","xem lại / đánh giá"
"151","every","mỗi"
"152","mention","đề cập"
"153","system","hệ thống"
"154","class","lớp học"
"155","into","vào trong"
"156","training","đào tạo / huấn luyện"
"157","group","nhóm"
"158","restaurant","nhà hàng"
"159","health","sức khỏe"
"160","full","đầy đủ / toàn bộ"
"161","main","chính / chủ yếu"
"162","part","phần"
"163","read","đọc"
"164","construction","xây dựng"
"165","international","quốc tế"
"166","success","sự thành công"
"167","contract","hợp đồng"
"168","fee","khoản phí"
"169","quality","chất lượng"
"170","client","khách hàng"
"171","university","trường đại học"
"172","close","gần / gần gũi"
"173","within","trong vòng"
"174","repair","sửa chữa"
"175","september","tháng Chín"
"176","end","kết thúc / cuối"
"177","participate","tham gia"
"178","interview","buổi phỏng vấn"
"179","building","tòa nhà"
"180","however","tuy nhiên"
"181","student","sinh viên"
"182","list","danh sách / liệt kê"
"183","publish","xuất bản"
"184","result","kết quả"
"185","arrive","đến"
"186","both","cả hai"
"187","confirm","xác nhận"
"188","until","cho đến khi"
"189","inform","thông báo cho"
"190","technology","công nghệ"
"191","monday","thứ Hai"
"192","discuss","bàn bạc / thảo luận"
"193","just","chỉ / vừa mới"
"194","october","tháng Mười"
"195","good","tốt"
"196","car","xe hơi"
"197","let","cho / để"
"198","street","đường"
"199","hire","thuê"
"200","copy","bản sao / sao chép"
"201","few","ít / vài"
"202","important","quan trọng"
"203","small","nhỏ"
"204","magazine","tạp chí"
"205","art","nghệ thuật"
"206","address","địa chỉ"
"207","sell","bán"
"208","consider","xem xét"
"209","meet","gặp"
"210","water","nước"
"211","world","thế giới"
"212","apply","nộp đơn xin"
"213","equipment","thiết bị"
"214","trip","chuyến đi"
"215","account","tài khoản"
"216","great","tuyệt vời / rất lớn"
"217","opportunity","cơ hội"
"218","guest","khách"
"219","meaning","ý nghĩa"
"220","note","chú ý / ghi chú"
"221","photograph","bức ảnh"
"222","skill","kỹ năng"
"223","benefit","lợi ích / có lợi"
"224","rent","thuê"
"225","flight","chuyến bay"
"226","president","chủ tịch"
"227","airport","sân bay"
"228","accept","chấp nhận"
"229","january","tháng Một"
"230","improve","cải thiện"
"231","february","tháng Hai"
"232","allow","cho phép"
"233","support","hỗ trợ / ủng hộ"
"234","bring","mang"
"235","friday","thứ Sáu"
"236","become","trở nên"
"237","policy","chính sách"
"238","convenient","tiện lợi"
"239","museum","bảo tàng"
"240","december","tháng Mười Hai"
"241","tour","chuyến tham quan / du lịch"
"242","sure","chắc chắn / đảm bảo"
"243","choose","chọn"
"244","environment","môi trường"
"245","win","chiến thắng"
"246","november","tháng Mười Một"
"247","clean","sạch / làm sạch"
"248","buy","mua"
"249","between","giữa"
"250","park","công viên"
"251","bank","ngân hàng"
"252","different","khác"
"253","look forward","trông đợi"
"254","space","không gian / chỗ"
"255","build","xây dựng"
"256","in order to","để (làm gì đó)"
"257","electronic","điện tử"
"258","saturday","thứ Bảy"
"259","country","đất nước"
"260","personal","cá nhân"
"261","reduce","giảm"
"262","money","tiền"
"263","create","tạo ra"
"264","final","cuối cùng"
"265","introduce","giới thiệu"
"266","percent","phần trăm"
"267","expand","mở rộng"
"268","worker","công nhân / nhân viên"
"269","future","tương lai"
"270","again","một lần nữa / lại"
"271","serve","phục vụ"
"272","move","di chuyển / di dời"
"273","TRUE","đúng / thật sự"
"274","family","gia đình"
"275","past","qua / quá khứ"
"276","professional","chuyên nghiệp / người chuyên nghiệp"
"277","low","thấp"
"278","parking","đỗ xe"
"279","show","cho thấy"
"280","early","sớm"
"281","enjoy","tận hưởng / thích"
"282","print","in"
"283","although","mặc dù"
"284","today","hôm nay"
"285","seminar","hội thảo"
"286","document","tài liệu"
"287","regular","thường xuyên / thường"
"288","place","nơi / chỗ"
"289","safe","an toàn"
"290","soon","sớm"
"291","children","trẻ em"
"292","back","lại / trở lại"
"293","school","trường học"
"294","think","nghĩ"
"295","invest","đầu tư"
"296","limit","giới hạn"
"297","house","nhà"
"298","over","hơn"
"299","care","chăm sóc / quan tâm"
"300","minute","phút"
"301","keep","giữ"
"302","sales","doanh thu"
"303","since","từ khi"
"304","compete","cạnh tranh"
"305","total","tổng cộng"
"306","near","gần"
"307","produce","sản xuất / tạo ra"
"308","around","xung quanh / khoảng"
"309","close","đóng"
"310","bill","hóa đơn"
"311","attach","đính kèm"
"312","prepare","chuẩn bị"
"313","software","phần mềm"
"314","human","người"
"315","encourage","khuyến khích"
"316","hear","nghe"
"317","decide","quyết định (v)"
"318","join","gia nhập"
"319","there","ở đó"
"320","select","chọn"
"321","history","lịch sử"
"322","summer","mùa hè"
"323","stay","ở"
"324","check","kiểm tra / xem"
"325","ago","trước đây"
"326","same","cùng / giống nhau"
"327","learn","học"
"328","continue","tiếp tục"
"329","still","vẫn"
"330","telephone","điện thoại"
"331","nation","quốc gia"
"332","arrange","sắp xếp"
"333","news","tin tức"
"334","bus","xe buýt"
"335","under","dưới"
"336","page","trang"
"337","invite","mời"
"338","thursday","thứ Năm"
"339","feel","cảm thấy"
"340","message","tin nhắn"
"341","night","đêm"
"342","second","thứ hai"
"343","theater","nhà hát / rạp phim"
"344","tell","nói"
"345","old","cũ / lớn tuổi"
"346","necessary","cần thiết"
"347","amount","số lượng / khoản (tiền...)"
"348","presentation","buổi thuyến trình"
"349","library","thư viện"
"350","government","chính phủ"
"351","club","câu lạc bộ"
"352","road","đường"
"353","economy","kinh tế"
"354","way","cách"
"355","floor","tầng / sàn nhà"
"356","monthly","hàng tháng"
"357","sunday","Chủ Nhật"
"358","here","ở đây"
"359","organization","tổ chức"
"360","better","tốt hơn"
"361","shop","cửa hàng"
"362","shopping","mua sắm"
"363","level","mức độ / cấp độ"
"364","excellent","tuyệt vời"
"365","vehicle","xe"
"366","idea","ý tưởng"
"367","less","ít hơn"
"368","later","sau đó / trễ hơn"
"369","always","luôn luôn"
"370","machine","máy"
"371","describe","mô tả"
"372","morning","buổi sáng"
"373","immediately","ngay lập tức"
"374","install","lắp đặt / cài đặt"
"375","live","sống"
"376","enter","đi vào / đưa vào"
"377","without","không có"
"378","train","xe lửa"
"379","film","phim"
"380","coupon","phiếu giảm giá"
"381","size","kích thước / kích cỡ"
"382","accounting","kế toán"
"383","meal","bữa ăn"
"384","try","cố gắng / thử"
"385","cancel","hủy"
"386","drive","lái xe"
"387","vacation","kỳ nghỉ"
"388","complain","phàn nàn"
"389","reason","lí do"
"390","gift","quà tặng"
"391","sign","ký"
"392","spend","chi tiêu / dành (thời gian)"
"393","speak","nói / phát biểu"
"394","factory","nhà máy"
"395","welcome","chào đón"
"396","season","mùa"
"397","top","hàng đầu / trên cùng"
"398","appointment","cuộc hẹn"
"399","run","chạy"
"400","music","âm nhạc"
"401","air","không khí / hàng không"
"402","wednesday","thứ Tư"
"403","quickly","nhanh chóng"
"404","station","trạm / đài"
"405","attract","thu hút"
"406","weekend","cuối tuần"
"407","like","giống"
"408","well","tốt"
"409","activity","hoạt động"
"410","organize","tổ chức / sắp xếp"
"411","look for","tìm kiếm"
"412","tuesday","thứ Ba"
"413","then","sau đó"
"414","might","có thể"
"415","explain","giải thích"
"416","visitor","khách / du khách"
"417","display","trưng bày"
"418","believe","tin"
"419","delay","trì hoãn"
"420","wide","rộng"
"421","paper","giấy"
"422","strong","mạnh"
"423","test","kiểm tra"
"424","web","mạng"
"425","desk","cái bàn"
"426","life","cuộc sống / cuộc đời"
"427","leave","rời đi / rời khỏi"
"428","comment","lời bình"
"429","teach","dạy"
"430","book","đặt (phòng, vé...)"
"431","course","khóa học"
"432","lost","mất"
"433","late","trễ"
"434","decision","quyết định (n)"
"435","retire","về hưu"
"436","festival","lễ hội"
"437","tourist","khách du lịch"
"438","drink","uống / đồ uống"
"439","party","bữa tiệc"
"440","relations","quan hệ"
"441","America","nước Mỹ"
"442","someone","ai đó"
"443","garden","vườn"
"444","volunteer","người tình nguyện"
"445","person","người"
"446","responsible","chịu trách nhiệm"
"447","sport","thể thao"
"448","hospital","bệnh viện"
"449","happen","xảy ra"
"450","wish","muốn"
"451","down","xuống"
"452","too","quá"
"453","million","triệu"
"454","camera","máy ảnh / máy quay phim"
"455","Asia","châu Á"
"456","often","thường xuyên"
"457","answer","trả lời"
"458","demand","nhu cầu"
"459","put","đặt / để"
"460","happy","vui"
"461","front","trước"
"462","movie","bộ phim"
"463","seat","chỗ ngồi"
"464","protect","bảo vệ"
"465","difficult","khó khăn"
"466","talk","nói chuyện"
"467","kitchen","nhà bếp"
"468","lunch","bữa trưa"
"469","maintain","duy trì / bảo trì"
"470","easy","dễ dàng"
"471","away","xa"
"472","dinner","bữa tối"
"473","television / TV","truyền hình / tivi"
"474","wait","chờ"
"475","rise","tăng"
"476","avoid","tránh"
"477","understand","hiểu"
"478","color","màu sắc"
"479","deadline","hạn chót"
"480","goal","mục tiêu"
"481","post","đăng"
"482","contain","chứa đựng"
"483","agree","đồng ý"
"484","finish","hoàn thành"
"485","enough","đủ"
"486","newspaper","báo"
"487","look","nhìn"
"488","simple","đơn giản"
"489","performance","buổi biểu diễn"
"490","expensive","đắt tiền"
"491","afternoon","buổi chiều"
"492","menu","thực đơn"
"493","grow","gia tăng / phát triển"
"494","together","cùng / cùng nhau"
"495","coffee","cà phê"
"496","short","ngắn"
"497","branch","chi nhánh"
"498","real","thực sự"
"499","famous","nổi tiếng"
"500","daily","hàng ngày"
"501","weather","thời tiết"
"502","everyone","mọi người"
"503","advice","lời khuyên"
"504","friend","người bạn"
"505","friendly","thân thiện"
"506","big","lớn"
"507","never","không bao giờ"
"508","box","hộp"
"509","swimming pool","hồ bơi"
"510","outside","bên ngoài"
"511","salary","tiền lương"
"512","responsibility","trách nhiệm"
"513","fast","nhanh"
"514","anyone","bất kỳ ai"
"515","carefully","cẩn thận"
"516","style","phong cách"
"517","remind","nhắc nhở"
"518","ability","khả năng"
"519","adult","người lớn"
"520","cook","nấn ăn"
"521","save","tiết kiệm"
"522","a lot of","nhiều"
"523","clear","rõ ràng"
"524","game","trò chơi"
"525","graduate","tốt nghiệp"
"526","share","chia sẻ"
"527","walk","đi bộ"
"528","beautiful","đẹp"
"529","hold","giữ"
"530","yesterday","hôm qua"
"531","knowledge","kiến thức"
"532","table","cái bàn"
"533","picture","bức ảnh"
"534","holiday","kỳ nghỉ / lỳ lễ"
"535","culture","văn hóa"
"536","half","nửa"
"537","correct","đúng / chỉnh sửa"
"538","paint","sơn"
"539","usually","thường xuyên"
"540","last","cuối cùng"
"541","error","lỗi"
"542","comfortable","thoải mái"
"543","wedding","đám cưới"
"544","traveler","hành khách"
"545","printer","máy in"
"546","ready","sẵn sàng"
"547","everything","mọi thứ"
"548","clothing","quần áo"
"549","fashion","thời trang"
"550","topic","chủ đề"
"551","exercise","tập (thể dục)"
"552","sorry","xin lỗi / tiếc"
"553","eat","ăn"
"554","third","thứ ba / một phần ba"
"555","door","cửa"
"556","gym","phòng tập thể dục"
"557","wear","mặc / mang"
"558","young","trẻ"
"559","perfect","hoàn hảo"
"560","electricity","điện"
"561","evening","buổi tối"
"562","things","thứ / điều"
"563","men","đàn ông"
"564","stop","dừng / điểm dừng"
"565","breakfast","bữa sáng"
"566","reply","trả lời"
"567","cut","cắt / cắt giảm"
"568","step","bước"
"569","weekly","hàng tuần"
"570","suitable","phù hợp"
"571","search","tìm kiếm"
"572","play","chơi"
"573","right","đúng"
"574","dollar","đô la"
"575","opinion","ý kiến"
"576","seem","có vẻ như"
"577","cooperation","sự hợp tác"
"578","example","ví dụ"
"579","band","ban nhạc"
"580","resort","khu nghỉ mát"
"581","age","tuổi"
"582","on time","đúng giờ"
"583","little","ít"
"584","traffic","giao thông"
"585","key","chìa khóa / then chốt"
"586","prize","giải thưởng"
"587","woman","phụ nữ"
"588","mobile","di động"
"589","heavy","nặng / lớn"
"590","tomorrow","ngày mai"
"591","busy","bận rộn"
"592","bag","túi / túi xách"
"593","face","mặt / đối mặt"
"594","white","màu trắng"
"595","blue","xanh dương"
"596","advise","khuyên / thông báo"
"597","story","câu chuyện"
"598","useful","hữu ích"
"599","black","màu đen"
"600","river","con sông"
"601","depend","phụ thuộc"
"602","compare","so sánh"
"603","lake","hồ"
"604","wine","rượu vang"
"605","mistake","lỗi lầm / nhầm lẫn"
"606","farm","nông trại"
"607","mean","có nghĩa"
"608","hand","tay"
"609","brown","màu nâu"
"610","flower","hoa"
"611","image","hình ảnh"
"612","inside","bên trong"
"613","swimming","bơi"
"614","wash","giặt / rửa"
"615","hard","chăm chỉ"
"616","doctor","bác sĩ"
"617","discussion","buổi thảo luận"
"618","modern","hiện đại"
"619","action","hành động"
"620","mountain","ngọn núi"
"621","perform","biểu diễn"
"622","vegetables","rau"
"623","beside","bên cạnh"
"624","cake","bánh"
"625","fly","bay"
"626","winter","mùa đông"
"627","remember","nhớ"
"628","red","màu đỏ"
"629","behind","phía sau"
"630","boat","con thuyền"
"631","uniform","đồng phục"
"632","chair","ghế"
"633","automatic","tự động"
"634","congratulations","chúc mừng"
"635","watch","xem"
"636","way","đường"
"637","bed","cái giường"
"638","light","ánh sáng / đèn"
"639","foreign","nước ngoài"
"640","confident","tự tin"
"641","noon","trưa"
"642","password","mật khẩu"
"643","window","cửa sổ"
"644","United States","Mỹ"
"645","hot","nóng"
"646","fun","vui"
"647","teacher","giáo viên"
"648","himself","chính anh ấy / tự anh ấy"
"649","fan","người hâm mộ"
"650","beach","bãi biển"
"651","forget","quên"
"652","calendar","lịch"
"653","speed","tốc độ"
"654","study","học"
"655","cream","kem"
"656","body","cơ thể / thân"
"657","shoe","giày"
"658","fruit","trái cây"
"659","love","yêu thích / yêu thương"
"660","plane","máy bay"
"661","animal","động vật / con vật"
"662","parent","cha mẹ"
"663","cheap","rẻ"
"664","drop","giảm / rơi"
"665","trust","tin tưởng"
"666","wall","bức tường"
"667","green","xanh"
"668","back","phía sau"
"669","dry","khô"
"670","accident","tai nạn"
"671","sound","âm thanh"
"672","spring","mùa xuân"
"673","mind","tâm trí"
"674","tea","trà"
"675","truck","xe tải"
"676","far","xa"
"677","wish","chúc"
"678","island","hòn đảo"
"679","exit","lối ra"
"680","break","làm vỡ / phá vỡ"
"681","billion","một tỷ"
"682","stand","đứng"
"683","refrigerator","tủ lạnh"
"684","bike","xe đạp"
"685","fire","vụ cháy / chữa cháy"
"686","bedroom","phòng ngủ"
"687","fine","tốt"
"688","hello","chào"
"689","clothes","quần áo"
"690","hundred","một trăm"
"691","wrong","sai"
"692","Mrs.","bà"
"693","bad","xấu / tồi tệ"
"694","eye","mắt"
"695","cheese","phô mai"
"696","bicycle","xe đạp"
"697","star","ngôi sao"
"698","hard","khó"
"699","map","bản đồ"
"700","hair","tóc"
"701","cell phone","điện thoại di động"
"702","sea","biển"
"703","shirt","áo sơ mi"
"704","carry","mang / mang theo"
"705","twelve","mười hai"
"706","middle","giữa"
"707","sometimes","đôi khi"
"708","bathroom","phòng tắm"
"709","warm","ấm"
"710","nothing","không cái gì"
"711","lesson","bài học"
"712","actor","diễn viên"
"713","practice","luyện tập"
"714","rain","mưa"
"715","heart","trái tim"
"716","sit","ngồi"
"717","myself","chính tôi"
"718","miss","cô"
"719","thousand","một nghìn"
"720","too","cũng"
"721","rice","gạo"
"722","ourselves","chính chúng tôi"
"723","maximum","tối đa"
"724","kid","trẻ em"
"725","voice","giọng nói"
"726","quiet","yên tĩnh"
"727","apple","quả táo"
"728","turn off","tắt"
"729","alone","chỉ riêng / một mình"
"730","sun","mặt trời"
"731","listen","nghe"
"732","draw","vẽ"
"733","sick","bị bệnh"
"734","police","cảnh sát"
"735","anytime","bất kỳ lúc nào"
"736","zoo","sở thú"
"737","toy","đồ chơi"
"738","dream","ước mơ"
"739","T-shirt","áo thun"
"740","dish","đĩa"
"741","ship","thuyền"
"742","board","bảng"
"743","post office","bưu điện"
"744","kind","tử tế"
"745","let's","hãy"
"746","waste","lãng phí"
"747","tour guide","hướng dẫn viên du lịch"
"748","present","món quà"
"749","soft","mềm / nhẹ"
"750","press","ấn nút"
"751","miss","nhớ"
"752","right","bên phải"
"753","glass","cái ly"
"754","offer","cung cấp / đem lại"
"755","available","có"
"756","item","món hàng / món đồ"
"757","recent","gần đây / vừa rồi"
"758","local","địa phương"
"759","position","vị trí"
"760","sales","bán hàng"
"761","discount","giảm giá"
"762","advertisement","mẫu quảng cáo"
"763","indicate","chỉ ra"
"764","purpose","mục đích"
"765","finance","tài chính"
"766","line","dòng (sản phẩm, chữ)"
"767","interested","quan tâm"
"768","reserve","đặt (phòng, bàn...)"
"769","location","địa điểm"
"770","detail","chi tiết / nêu chi tiết"
"771","public","công chúng / công cộng"
"772","community","cộng đồng"
"773","market","thị trường / chợ"
"774","payment","thanh toán / tiền thanh toán"
"775","operate","hoạt động / vận hành"
"776","likely","có thể"
"777","recommend","đề nghị"
"778","industry","ngành"
"779","survey","khảo sát"
"780","facility","cơ sở"
"781","annual","hàng năm"
"782","promote","quảng bá / thúc đẩy"
"783","even","thậm chí"
"784","access","tiếp cận / truy cập"
"785","application","đơn xin"
"786","manufacture","sản xuất"
"787","due to","do"
"788","award","giải thưởng"
"789","replace","thay thế"
"790","possible","có thể"
"791","package","gói hàng / gói dịch vụ"
"792","several","một vài"
"793","session","buổi"
"794","material","vật liệu / tài liệu"
"795","resource","nguồn (lực, tài liệu...)"
"796","once","một khi / một lần"
"797","rate","giá / đánh giá"
"798","security","an ninh / an toàn"
"799","through","qua / thông qua"
"800","based","dựa trên / đặt"
"801","locate","đặt"
"802","exhibit","triển lãm"
"803","those","những người / những cái"
"804","previous","trước đây"
"805","take","tốn (thời gian)"
"806","propose","đề xuất"
"807","human resources","nhân sự"
"808","respond","trả lời / phản hồi"
"809","owner","người chủ"
"810","memo","thông báo"
"811","appreciate","cảm kích"
"812","compete","cạnh tranh"
"813","already","rồi"
"814","need","nhu cầu"
"815","mail","thư (bưu điện)"
"816","resident","người dân"
"817","suggest","đề xuất"
"818","enclose","đính kèm"
"819","representative","người đại diện"
"820","least","ít nhất"
"821","workshop","hội thảo"
"822","firm","công ty"
"823","employ","tuyển dụng"
"824","show","buổi diễn / triển lãm / chương trình"
"825","refund","tiền hoàn lại"
"826","process","quy trình"
"827","résumé","sơ yếu lý lịch"
"828","transport","vận chuyển"
"829","supplies","vật dụng"
"830","assistant","trợ lý"
"831","damage","thiệt hại"
"832","conduct","tiến hành"
"833","candidate","ứng cử viên"
"834","directly","trực tiếp"
"835","since","bởi vì"
"836","regarding","về (=about)"
"837","original","ban đầu"
"838","experience","trải nghiệm / trải qua"
"839","production","việc sản xuất / sản lượng"
"840","assist","hỗ trợ"
"841","applicant","người nộp đơn"
"842","upcoming","sắp diễn ra"
"843","fill out / fill in","điền"
"844","popular","phổ biến"
"845","place","đặt"
"846","renovate","tân trang"
"847","consulting","việc tư vấn"
"848","among","giữa"
"849","warranty","bảo hành"
"850","fund","quỹ"
"851","update","cập nhật"
"852","option","sự lựa chọn"
"853","present","trình bày / xuất trình / trao"
"854","profit","lợi nhuận"
"855","further","thêm"
"856","apartment","căn hộ"
"857","insurance","bảo hiểm"
"858","such as","như là"
"859","over","trong vòng"
"860","prefer","ưa thích hơn"
"861","instruction","sự hướng dẫn"
"862","career","sự nghiệp"
"863","ensure","đảm bảo"
"864","feature (v)","có / bao gồm"
"865","effective","hiệu quả"
"866","type","loại"
"867","supply","cung cấp"
"868","renew","gia hạn"
"869","airline","hãng hàng không"
"870","board","ban"
"871","whether","liệu... hay không / bất kể"
"872","potential","có tiềm năng"
"873","consumer","người tiêu dùng"
"874","head","người đứng đầu"
"875","meet","đáp ứng"
"876","period","khoản thời gian"
"877","condition","điều kiện"
"878","concern","sự lo lắng"
"879","efficient","hiệu quả"
"880","advance","trước"
"881","agency","công ty"
"882","budget","ngân sách"
"883","contribute","đóng góp"
"884","as well as","cũng như"
"885","energy","năng lượng"
"886","depart","khởi hành"
"887","issue","vấn đề"
"888","below","bên dưới"
"889","variety","sự đa dạng"
"890","subscription","việc đặt báo, tạp chí..."
"891","model","mẫu sản phẩm"
"892","hall","hội trường"
"893","supervisor","người giám sát"
"894","remain","vẫn còn / vẫn luôn"
"895","estimate","ước tính"
"896","approve","chấp thuận"
"897","sample","mẫu / mẫu thử"
"898","therefore","vì vậy"
"899","property","bất động sản / nhà / đất"
"900","cause","gây ra"
"901","individual","cá nhân"
"902","as soon as","ngay khi"
"903","extra","thêm"
"904","along","dọc theo"
"905","passenger","hành khách"
"906","distribute","phân phối / phân phát"
"907","probably","có thể"
"908","throughout","xuyên suốt / khắp"
"909","CEO","tổng giám đốc"
"910","apply","áp dụng"
"911","yet","vẫn chưa"
"912","region","vùng"
"913","specific","cụ thể"
"914","set","thiết lập / cài đặt / sắp đặt"
"915","field","lĩnh vực"
"916","pick up","lấy / đón"
"917","lead","dẫn / dẫn dắt"
"918","satisfy","thỏa mãn"
"919","maintenance","việc bảo trì"
"920","instead","thay vì / thay vì vậy"
"921","degree","tấm bằng"
"922","strategy","chiến lược"
"923","notify","thông báo cho"
"924","kind","loại"
"925","receipt","biên nhận"
"926","study","nghiên cứu"
"927","performance","hiệu suất"
"928","leave","để lại / để cho"
"929","sign up","đăng ký"
"930","upon","vào lúc"
"931","personnel","nhân sự"
"932","exchange","đổi"
"933","furniture","đồ nội thất"
"934","concert","buổi hòa nhạc"
"935","though","mặc dù"
"936","take place","diễn ra"
"937","significant","đáng kể"
"938","expenses","chi phí"
"939","retail","bán lẻ"
"940","process","xử lý"
"941","latest","mới nhất"
"942","value","giá trị"
"943","either","một trong hai"
"944","solution","giải pháp"
"945","method","phương pháp"
"946","permit","cho phép / giấy phép"
"947","case","trường hợp"
"948","technical","kỹ thuật"
"949","record","hồ sơ / ghi nhận"
"950","apologize","xin lỗi"
"951","standard","tiêu chuẩn"
"952","seek","tìm kiếm"
"953","file","tập tin / hồ sơ"
"954","raise","tăng / quyên góp"
"955","unfortunately","không may"
"956","despite","mặc cho"
"957","goods","hàng hóa"
"958","law","luật"
"959","guide","hướng dẫn"
"960","feature (n)","đặc tính / tính năng"
"961","campaign","chiến dịch"
"962","lecture","bài diễn thuyết"
"963","issue","số (tạp chí, báo...)"
"964","frequent","thường xuyên"
"965","temporary","tạm thời"
"966","attention","sự chú ý"
"967","leader","người lãnh đạo / người dẫn đầu"
"968","store","cất trữ"
"969","handle","xử lý"
"970","related","liên quan"
"971","ceremony","buổi lễ"
"972","direction","sự hướng dẫn / đường đi"
"973","data","dữ liệu"
"974","tax","thuế"
"975","collect","thu thập"
"976","celebrate","ăn mừng"
"977","laboratory","phòng thí nghiệm"
"978","proper","đúng cách / phù hợp"
"979","guarantee","đảm bảo"
"980","get","trở nên / được"
"981","committee","ủy ban"
"982","code","mã"
"983","regulation","quy định"
"984","impress","gây ấn tượng"
"985","as","như / vì / khi"
"986","valid","có hiệu lực / hợp lệ"
"987","complimentary","miễn phí"
"988","artist","nghệ sĩ"
"989","quarter","quý (3 tháng)"
"990","recruit","tuyển dụng"
"991","above","trên"
"992","invitation","thư mời"
"993","donation","sự đóng góp"
"994","site","địa điểm / nơi"
"995","launch","tung ra"
"996","catalog","danh mục (sản phẩm,...)"
"997","division","bộ phận"
"998","choice","sự lựa chọn"
"999","power","điện / năng lượng"
"1000","inspection","việc kiểm tra"
"1001","term","điều khoản"
"1002","extend","kéo dài"
"1003","speaker","người diễn thuyết"
"1004","excited","hào hứng"
"1005","appear","xuất hiện"
"1006","partner","đối tác"
"1007","analyze","phân tích"
"1008","release","tung ra"
"1009","fair","hội chợ"
"1010","prior","trước"
"1011","effort","nỗ lực"
"1012","defective","bị lỗi"
"1013","affect","tác động đến"
"1014","café / cafeteria","quán ăn uống"
"1015","express","bày tỏ"
"1016","device","thiết bị"
"1017","certificate","giấy chứng nhận"
"1018","obtain","có được / lấy được"
"1019","evaluate","đánh giá"
"1020","range","nhiều loại / sự đa dạng"
"1021","ever","từ trước đến nay / từng"
"1022","eligible","đủ điều kiện"
"1023","across","khắp / bên kia"
"1024","offer","đề nghị"
"1025","relocate","dời địa điểm"
"1026","leading","dẫn đầu"
"1027","council","hội đồng"
"1028","inquire","hỏi"
"1029","recycle","tái chế"
"1030","determine","xác định"
"1031","chef","đầu bếp trưởng"
"1032","demonstrate","chứng tỏ / trình bày"
"1033","issue","cấp / đưa ra"
"1034","cost (v)","tốn phí"
"1035","invoice","hóa đơn"
"1036","gallery","phòng trưng bày"
"1037","procedure","quy trình"
"1038","in person","trực tiếp"
"1039","check","séc"
"1040","satisfaction","sự hài lòng"
"1041","fresh","tươi"
"1042","approximately","khoảng chừng"
"1043","found","thành lập"
"1044","growth","sự tăng trưởng"
"1045","language","ngôn ngữ"
"1046","consultant","người tư vấn"
"1047","technician","kỹ thuật viên"
"1048","competition","cuộc thi"
"1049","vice","phó"
"1050","unless","trừ khi"
"1051","unique","độc đáo"
"1052","entrance","lối vào"
"1053","expert","chuyên gia"
"1054","initial","ban đầu"
"1055","almost","hầu như"
"1056","headquarters","trụ sở"
"1057","trend","xu hướng"
"1058","agreement","thỏa thuận"
"1059","itinerary","lịch trình"
"1060","average","trung bình"
"1061","against","chống lại / đối với"
"1062","upgrade","nâng cấp"
"1063","except","ngoại trừ"
"1064","brochure","tờ rơi"
"1065","speech","bài diễn thuyết"
"1066","warehouse","nhà kho"
"1067","outdoor","ngoài trời"
"1068","effect","tác động / hiệu lực"
"1069","innovative","đổi mới"
"1070","full-time","toàn thời gian"
"1071","downtown","trung tâm thành phố"
"1072","over","trên"
"1073","duty","nhiệm vụ"
"1074","connect","kết nối"
"1075","opening","vị trí trống"
"1076","agent","người đại diện"
"1077","inquiry","câu hỏi"
"1078","recognize","công nhận"
"1079","no longer","không còn nữa"
"1080","minimum","tối thiểu"
"1081","situation","tình huống"
"1082","reach","đạt được"
"1083","management","ban quản lý"
"1084","host","tổ chức"
"1085","merchandise","hàng hóa"
"1086","destination","điểm đến"
"1087","task","nhiệm vụ"
"1088","fail","thất bại / không làm"
"1089","manual","sách hướng dẫn"
"1090","appliance","thiết bị"
"1091","transfer","chuyển"
"1092","implement","ban hành"
"1093","extensive","trên phạm vi rộng"
"1094","take advantage of","tận dụng"
"1095","merger","vụ sáp nhập"
"1096","leadership","sự lãnh đạo"
"1097","source","nguồn"
"1098","beverage","thức uống"
"1099","anniversary","kỷ niệm"
"1100","brief","ngắn gọn"
"1101","shipment","lô hàng"
"1102","used to","đã từng"
"1103","quite","khá"
"1104","feedback","sự phản hồi"
"1105","revenue","doanh thu"
"1106","promote","thăng chức"
"1107","exclusive","riêng / đặc biệt"
"1108","plant","nhà máy"
"1109","alternative","thay thế"
"1110","usual","bình thường / thông thường"
"1111","due","tới hạn / phải trả"
"1112","overseas","ở nước ngoài"
"1113","cash","tiền mặt"
"1114","dish","món ăn"
"1115","selection","tập hợp (sản phẩm...)"
"1116","industrial","công nghiệp"
"1117","thorough","kỹ lưỡng"
"1118","accommodation","chỗ ở"
"1119","instructor","người hướng dẫn"
"1120","colleague","đồng nghiệp"
"1121","collection","bộ sưu tập"
"1122","similar","giống / tương tự"
"1123","taste","mùi vị / nếm mùi vị"
"1124","honor","vinh danh / vinh dự"
"1125","route","tuyến đường"
"1126","authorize","ủy quyền"
"1127","real estate","bất động sản"
"1128","deal with","giải quyết / làm việc với"
"1129","address","giải quyết"
"1130","mayor","thị trưởng"
"1131","dining","ăn uống"
"1132","audience","khán giả"
"1133","fix","sửa chữa"
"1134","exact","chính xác"
"1135","extremely","cực kỳ"
"1136","donate","đóng góp"
"1137","challenge","thách thức"
"1138","specify","nêu cụ thể"
"1139","tourism","du lịch"
"1140","accommodate","đáp ứng / chứa được"
"1141","remove","loại bỏ"
"1142","guideline","hướng dẫn"
"1143","decade","thập kỷ"
"1144","patient","bệnh nhân"
"1145","check in","nhận phòng / làm thủ tục"
"1146","prevent","ngăn"
"1147","view","xem"
"1148","assign","chỉ định"
"1149","control","kiểm soát / điều khiển"
"1150","establish","thành lập / thiết lập"
"1151","advantage","lợi thế"
"1152","helpful","hữu ích"
"1153","decrease","giảm"
"1154","expire","hết hạn"
"1155","occur","xảy ra"
"1156","summary","bảng tóm tắt"
"1157","concerning","về (=about)"
"1158","yourself","chính bạn"
"1159","traditional","truyền thống"
"1160","identification","chứng minh thư"
"1161","affordable","có giá phải chăng"
"1162","specialize in","chuyên về"
"1163","familiar","quen thuộc"
"1164","photography","nhiếp ảnh / việc chụp ảnh"
"1165","reputation","danh tiếng"
"1166","otherwise","khác / ngược lại"
"1167","ingredient","thành phần"
"1168","capacity","sức chứa / công suất"
"1169","cover letter","thư xin việc"
"1170","own","sở hữu"
"1171","double","gấp đôi"
"1172","right","quyền"
"1173","predict","dự đoán"
"1174","stock","hàng hóa"
"1175","talk","bài diễn thuyết"
"1176","fill","làm đầy"
"1177","enhance","tăng cường"
"1178","subscriber","người đặt báo, tạp chí..."
"1179","bonus","tiền thưởng"
"1180","accompany","đi kèm"
"1181","negotiate","đàm phán"
"1182","shuttle","xe trung chuyển"
"1183","ahead","trước"
"1184","accurate","chính xác"
"1185","relationship","mối quan hệ"
"1186","present","có mặt"
"1187","board","lên (tàu, xe buýt...)"
"1188","site","trang web"
"1189","engineer","kỹ sư"
"1190","vote","bầu chọn"
"1191","cause","nguyên nhân"
"1192","completely","hoàn toàn"
"1193","recall","thu hồi"
"1194","agricultural","nông nghiệp"
"1195","license","giấy phép"
"1196","postpone","trì hoãn"
"1197","normal","bình thường"
"1198","assess","đánh giá"
"1199","analyst","nhà phân tích"
"1200","ideal","lý tưởng"
"1201","promptly","ngay lập tức / nhanh chóng"
"1202","achieve","đạt được"
"1203","reschedule","dời lịch"
"1204","productivity","năng suất"
"1205","reasonable","hợp lí"
"1206","fall","rơi / giảm"
"1207","intern","thực tập sinh"
"1208","exceed","vượt quá"
"1209","outstanding","tuyệt vời / xuất sắc"
"1210","next to","cạnh"
"1211","twice","hai lần"
"1212","reliable","đáng tin cậy"
"1213","ground","mặt đất"
"1214","adjust","điều chỉnh"
"1215","examine","kiểm tra"
"1216","part-time","bán thời gian"
"1217","equip","trang bị"
"1218","priority","ưu tiên"
"1219","resolve","giải quyết"
"1220","creative","sáng tạo"
"1221","screen","màn hình"
"1222","figure","con số"
"1223","decline","giảm"
"1224","temperature","nhiệt độ"
"1225","voucher","phiếu giảm giá"
"1226","assemble","lắp ráp / tập hợp"
"1227","gather","thu thập / tập hợp"
"1228","recipient","người nhận"
"1229","rarely","hiếm khi"
"1230","acquire","mua lại / có được"
"1231","willing","sẵn lòng"
"1232","moreover","hơn nữa"
"1233","click","nhấp chuột"
"1234","flexible","linh hoạt"
"1235","outline","vạch ra"
"1236","in spite of","mặc cho"
"1237","baggage","hành lý"
"1238","lobby","tiền sảnh"
"1239","land","đất"
"1240","shift","ca làm việc"
"1241","whereas","trong khi"
"1242","neither","không cái nào"
"1243","independent","độc lập"
"1244","highway","đường cao tốc"
"1245","comprehensive","toàn diện"
"1246","dessert","món tráng miệng"
"1247","signature","chữ ký"
"1248","target","mục tiêu / nhắm đến"
"1249","function","chức năng"
"1250","solve","giải quyết"
"1251","plant","cái cây"
"1252","disappoint","gây thất vọng"
"1253","sign","bảng hiệu / dấu hiệu"
"1254","loyal","trung thành"
"1255","furthermore","hơn nữa"
"1256","luggage","hành lý"
"1257","mostly","hầu hết"
"1258","delicious","ngon"
"1259","appoint","bổ nhiệm"
"1260","committed","tận tâm"
"1261","trash","rác"
"1262","interesting","thú vị"
"1263","generous","hào phóng"
"1264","nevertheless","tuy nhiên"
"1265","hardly","hầu như không"
"1266","broad","rộng"
"1267","subject","chủ đề"
"1268","sincerely","chân thành"
"1269","word","từ"
"1270","paragraph","đoạn văn"
"1271","corporation","tập đoàn"
"1272","per","mỗi"
"1273","state","nói / chỉ ra"
"1274","dr.","tiến sĩ / bác sĩ"
"1275","credit","tín dụng"
"1276","executive","điều hành / người điều hành"
"1277","medical","y tế"
"1278","own","chính (ai đó)"
"1279","town","thị trấn / thành phố"
"1280","communication","giao tiếp / liên lạc"
"1281","fitness","thể hình / thể dục"
"1282","offer","khuyến mãi"
"1283","education","giáo dục"
"1284","oil","dầu"
"1285","editor","biên tập viên"
"1286","brand","thương hiệu"
"1287","intend","dự định"
"1288","focus","tập trung"
"1289","point","điểm"
"1290","10% off","giảm giá 10%"
"1291","various","khác nhau"
"1292","infer","suy ra"
"1293","europe","châu âu"
"1294","section","phần"
"1295","association","hiệp hội"
"1296","such","như vậy"
"1297","reference","sự tham khảo"
"1298","author","tác giả"
"1299","south","phía nam"
"1300","actually","thực ra / thực sự"
"1301","series","xê-ri"
"1302","aware of","biết / nhận thức"
"1303","east","phía đông"
"1304","recipe","công thức nấu ăn"
"1305","chief","tổng / trưởng"
"1306","matter","vấn đề"
"1307","network","mạng lưới"
"1308","north","phía bắc"
"1309","natural","tự nhiên / thiên nhiên"
"1310","loan","khoản vay"
"1311","commercial","thương mại"
"1312","rate","tỉ lệ"
"1313","get","đi"
"1314","battery","cục pin"
"1315","grant","tiền trợ cấp / cấp"
"1316","chance","cơ hội"
"1317","pass","thẻ"
"1318","status","trạng thái"
"1319","newsletter","thư tin tức"
"1320","society","hiệp hội"
"1321","perform","thực hiện"
"1322","cover","bao gồm"
"1323","west","phía tây"
"1324","internship","đợt thực tập"
"1325","official","quan chức"
"1326","through","đến"
"1327","district","khu vực"
"1328","via","bằng"
"1329","ID","chứng minh thư"
"1330","gas","ga / xăng"
"1331","digital","kỹ thuật số"
"1332","toward","hướng về phía / đối với"
"1333","sponsor","nhà tài trợ"
"1334","appropriate","phù hợp"
"1335","as well","cũng"
"1336","side","phía / bên"
"1337","track","theo dõi"
"1338","entertainment","giải trí"
"1339","imply","ngụ ý"
"1340","revise","chỉnh sửa"
"1341","set","bộ"
"1342","qualified","đủ trình độ"
"1343","chemical","hóa chất"
"1344","those","đó"
"1345","plus","cộng thêm"
"1346","race","cuộc đua"
"1347","label","nhãn / nhãn hiệu"
"1348","others","những người/cái khác"
"1349","qualification","trình độ / khả năng chuyên môn"
"1350","painting","bức tranh / việc vẽ tranh"
"1351","contest","cuộc thi"
"1352","deal","thỏa thuận / khuyến mãi"
"1353","should","nếu (≈if)"
"1354","forward","về phía trước / chuyển tiếp"
"1355","fuel","nhiên liệu"
"1356","administrative","hành chính"
"1357","charity","hội từ thiện"
"1358","pharmaceutical","dược"
"1359","restore","phục hồi"
"1360","content","nội dung"
"1361","leave","nghỉ phép"
"1362","break","thời gian nghỉ"
"1363","dedicated","tận tâm"
"1364","filter","lọc / đồ lọc"
"1365","auto","ô tô"
"1366","ad","quảng cáo"
"1367","turn","chuyển"
"1368","fact","sự thật / sự việc"
"1369","admission","việc vào cửa"
"1370","proud","tự hào"
"1371","in fact","thật vậy / thật ra"
"1372","pass","đi qua / vượt qua"
"1373","talent","tài năng"
"1374","express","tốc hành"
"1375","greatly","rất nhiều"
"1376","expertise","chuyên môn"
"1377","engineering","kỹ thuật"
"1378","compensation","tiền đền bù / lương thưởng"
"1379","title","tựa đề / tựa sách"
"1380","piece","mẩu / mẩu đồ"
"1381","tool","công cụ"
"1382","rather than","thay vì"
"1383","catering","việc cung cấp suất ăn"
"1384","convention","hội nghị"
"1385","deposit","tiền đặt cọc"
"1386","mark","đánh dấu"
"1387","mall","trung tâm mua sắm"
"1388","loss","sự mất mát / thua lỗ"
"1389","certainly","chắc chắn"
"1390","reception","buổi đón tiếp / buổi tiệc"
"1391","stock","cổ phiếu"
"1392","ones","những cái / những người"
"1393","automobile","ô tô"
"1394","reimburse","hoàn tiền"
"1395","numerous","nhiều"
"1396","else","khác"
"1397","background","nền tảng / lý lịch"
"1398","separate","tách rời"
"1399","common","thông thường"
"1400","primary","chủ yếu / chính"
"1401","view","góc nhìn"
"1402","formal","trịnh trọng / chính thức"
"1403","promotion","khuyến mãi"
"1404","valuable","quý giá"
"1405","peak","cao điểm / đỉnh điểm"
"1406","lawn","bãi cỏ"
"1407","rapidly","nhanh chóng"
"1408","generate","tạo ra"
"1409","approach","tiếp cận / đến gần"
"1410","reward","phần thưởng / thưởng"
"1411","assignment","nhiệm vụ"
"1412","in charge","chịu trách nhiệm"
"1413","flyer","tờ rơi"
"1414","administration","việc quản trị"
"1415","favorite","ưa thích nhất"
"1416","realize","nhận ra"
"1417","architecture","kiến trúc"
"1418","aim","mục tiêu / nhắm đến"
"1419","recover","phục hồi"
"1420","secretary","thư ký"
"1421","distance","khoảng cách"
"1422","century","thế kỷ"
"1423","envelope","bì thư"
"1424","quantity","số lượng"
"1425","anticipate","trông đợi"
"1426","play","vở kịch"
"1427","grand opening","buổi khai trương"
"1428","version","phiên bản"
"1429","plastic","nhựa"
"1430","comply","tuân thủ"
"1431","rule","quy định"
"1432","impact","tác động"
"1433","cable","dây cáp"
"1434","technique","kỹ thuật"
"1435","confidential","bí mật"
"1436","work","hoạt động"
"1437","inventory","hàng hóa / kiểm kê hàng"
"1438","on behalf of","thay mặt cho"
"1439","match","tương ứng / phù hợp với"
"1440","scholarship","học bổng"
"1441","assure","đảm bảo"
"1442","poor","tệ"
"1443","as long as","miễn là"
"1444","whenever","bất kỳ khi nào"
"1445","nearby","ở gần đó"
"1446","shareholder","cổ đông"
"1447","risk","rủi ro"
"1448","considerable","đáng kể"
"1449","balance","số dư / tiền còn lại"
"1450","meter","mét"
"1451","consult","hỏi ý kiến / tham khảo"
"1452","huge","khổng lồ"
"1453","artwork","tác phẩm nghệ thuật"
"1454","patron","khách"
"1455","durable","bền"
"1456","vacancy","vị trí trống / chỗ trống"
"1457","stop by / drop by","ghé đến"
"1458","emergency","việc khẩn cấp"
"1459","factor","nhân tố"
"1460","retain","giữ lại"
"1461","publication","ấn phẩm"
"1462","earlier","trước đó"
"1463","packaging","bao bì"
"1464","interest","lãi"
"1465","well-known","nổi tiếng"
"1466","relatively","tương đối"
"1467","carpet","tấm thảm"
"1468","rely on","phụ thuộc / tin cậy"
"1469","run","điều hành"
"1470","exceptional","tuyệt vời"
"1471","slightly","một ít / nhỏ"
"1472","occasion","dịp"
"1473","critic","nhà phê bình"
"1474","elevator","thang máy"
"1475","measure","đo lường"
"1476","highlight","làm nổi bật"
"1477","conclude","kết luận"
"1478","direct","chuyển đến / hướng đến"
"1479","light","nhẹ"
"1480","record","thu âm / thu hình"
"1481","wildlife","động vật hoang dã"
"1482","lack","sự thiếu"
"1483","regret","tiếc"
"1484","proceed","tiến hành / tiến đến"
"1485","booth","gian hàng / buồng"
"1486","steadily","đều"
"1487","spacious","rộng rãi"
"1488","restrict","giới hạn"
"1489","fall","mùa thu"
"1490","well","rất / rất nhiều"
"1491","grocery","thực phẩm"
"1492","commitment","sự cam kết / tậm tân"
"1493","circumstance","hoàn cảnh"
"1494","emphasize","nhấn mạnh"
"1495","commute","đi đến chỗ làm"
"1496","carry out","tiến hành"
"1497","practice","cách thức / thói quen"
"1498","regardless of","bất kể"
"1499","lease","thuê / hợp đồng thuê"
"1500","consistently","luôn luôn / đều đặn"
"1501","population","dân số"
"1502","qualify","đủ điều kiện"
"1503","forum","diễn đàn"
"1504","donor","người đóng góp"
"1505","authority","người có thẩm quyền / quyền hành"
"1506","oversee","giám sát"
"1507","each other","nhau / lẫn nhau"
"1508","onto","lên trên"
"1509","golf","môn đánh gôn"
"1510","substantial","đáng kể"
"1511","sufficient","đủ"
"1512","missing","thiếu / bị mất"
"1513","writer","tác giả / nhà văn"
"1514","worldwide","khắp thế giới"
"1515","weight","trọng lượng"
"1516","shortly","một thời gian ngắn / sớm"
"1517","refreshments","đồ ăn, đồ uống nhẹ"
"1518","pressure","áp lực"
"1519","line","đường dây"
"1520","measure","biện pháp"
"1521","eager","háo hức"
"1522","office supplies","văn phòng phẩm"
"1523","entry","việc đi vào"
"1524","waste","rác thải"
"1525","rather","khá"
"1526","pay","lương"
"1527","transit","vận chuyển"
"1528","proof","bằng chứng"
"1529","nor","cũng không"
"1530","glad","vui"
"1531","banquet","đại tiệc"
"1532","adequate","đủ / phù hợp"
"1533","essential","cần thiết"
"1534","equal","bằng / bằng nhau"
"1535","cautious","cẩn thận"
"1536","fulfill","đáp ứng"
"1537","repeat","lặp lại"
"1538","urgent","khẩn cấp"
"1539","accordingly","theo đó / phù hợp"
"1540","lawyer","luật sư"
"1541","subject to","chịu"
"1542","transaction","giao dịch"
"1543","withdraw","rút"
"1544","conflict","mâu thuẫn"
"1545","collaborate","hợp tác"
"1546","disruption","sự gián đoạn"
"1547","cabinet","cái tủ"
"1548","by the time","tính đến lúc"
"1549","necessarily","nhất thiết"
"1550","acquaintance","người quen"
"1551","break down","bị hư"
"1552","absent","vắng mặt"
"1553","lately","gần đây"
"1554","inc.","tập đoàn"
"1555","corporate","doanh nghiệp"
"1556","senior","cấp cao"
"1557","major","lớn"
"1558","press","báo chí"
"1559","media","truyền thông"
"1560","science","khoa học"
"1561","regards","kính chúc"
"1562","college","cao đẳng"
"1563","involve","bao gồm"
"1564","official","chính thức"
"1565","professor","giáo sư"
"1566","avenue","đại lộ"
"1567","entire","toàn bộ"
"1568","line","tuyến"
"1569","work","tác phẩm"
"1570","officer","giám đốc / cán bộ"
"1571","certain","nhất định"
"1572","global","toàn cầu"
"1573","institute","viện"
"1574","venue","địa điểm"
"1575","private","riêng tư / cá nhân"
"1576","last","kéo dài"
"1577","organic","hữu cơ"
"1578","state","tiểu bang"
"1579","suite","dãy phòng"
"1580","graphic","đồ họa / hình ảnh"
"1581","journal","tạp chí"
"1582","associate","người cộng tác"
"1583","general","thường / chung"
"1584","role","vai trò / vai diễn"
"1585","press release","thông cáo báo chí"
"1586","term","hạn / thời hạn"
"1587","advanced","cao cấp / tiên tiến"
"1588","basic","cơ bản"
"1589","particular","đặc biệt"
"1590","overall","nói chung / toàn bộ"
"1591","coordinator","người điều phối"
"1592","nature","thiên nhiên"
"1593","single","chỉ một cái / từng cái một"
"1594","claim","đòi (bồi thường,...)"
"1595","positive","tích cực"
"1596","get","khiến cho / làm cho"
"1597","surprise","gây ngạc nhiên"
"1598","right","ngay"
"1599","legal","pháp lý"
"1600","on-site","tại chỗ"
"1601","hesitate","ngại"
"1602","former","trước đây"
"1603","edition","phiên bản"
"1604","heat","sửi nóng / sức nóng"
"1605","steel","thép"
"1606","treatment","việc chăm sóc / điều trị"
"1607","foundation","tổ chức"
"1608","relevant","thích hợp / liên quan"
"1609","faculty","ban giảng viên"
"1610","form","dạng / loại"
"1611","interior","nội thất"
"1612","county","quận"
"1613","citizen","công dân"
"1614","gain","có được"
"1615","glass","kính / thủy tinh"
"1616","live","trực tiếp"
"1617","cover","nói đến / bao gồm"
"1618","existing","hiện tại"
"1619","vendor","người bán"
"1620","renowned","nổi tiếng"
"1621","discover","phát hiện / khám phá"
"1622","reach","liên lạc"
"1623","whole","toàn bộ"
"1624","salt","muối"
"1625","academic","học thuật"
"1626","thanks to","nhờ vào"
"1627","wireless","không dây"
"1628","basis","cơ sở"
"1629","appeal","hấp dẫn"
"1630","uk","Anh Quốc"
"1631","tip","mẹo"
"1632","database","cơ sở dữ liệu"
"1633","lounge","phòng thư giãn"
"1634","accessory","phụ kiện"
"1635","complex","tổ hợp"
"1636","trade","thương mại"
"1637","director","đạo diễn"
"1638","labor","nhân công / lao động"
"1639","questionnaire","bảng câu hỏi"
"1640","terminal","nhà ga"
"1641","neighborhood","khu vực"
"1642","permanent","lâu dài / cố định"
"1643","respect","tôn trọng"
"1644","aid","hỗ trợ"
"1645","scale","quy mô"
"1646","lot","bãi / lô đất"
"1647","class","hạng / loại"
"1648","wonderful","tuyệt vời"
"1649","valley","thung lũng"
"1650","social","xã hội"
"1651","athlete","vận động viên"
"1652","africa","châu Phi"
"1653","general","tổng"
"1654","production","kịch / phim / chương trình"
"1655","progress","sự tiến triển"
"1656","chain","chuỗi"
"1657","landscaping","cảnh quan / thiết kế cảnh quan"
"1658","combine","kết hợp"
"1659","extension","số máy lẻ"
"1660","off","khỏi / ra khỏi"
"1661","strict","nghiêm ngặt"
"1662","plan","gói (dịch vụ...)"
"1663","solar","mặt trời"
"1664","inn","khách sạn nhỏ"
"1665","costume","trang phục"
"1666","attempt","cố gắng / thử"
"1667","finalize","hoàn thành"
"1668","meter","đồng hồ đo"
"1669","volume","khối lượng / số lượng"
"1670","worth","giá trị / đáng"
"1671","supposed","được dự định"
"1672","fit","phù hợp với"
"1673","enterprise","doanh nghiệp"
"1674","novel","tiểu thuyết"
"1675","premium","cao cấp"
"1676","memorandum","thông báo"
"1677","domestic","trong nước"
"1678","clerk","nhân viên"
"1679","institution","tổ chức"
"1680","wing","cánh"
"1681","thus","vì vậy"
"1682","personally","đích thân / bản thân"
"1683","manner","cách"
"1684","residential","nhà ở"
"1685","unit","căn hộ"
"1686","square","vuông"
"1687","statement","bảng sao kê"
"1688","concern","liên quan đến"
"1689","hand","nộp / đưa"
"1690","state-of-the-art","hiện đại"
"1691","stay","tiếp tục / luôn luôn"
"1692","address","diễn thuyết / nói về"
"1693","base","lượng (khách hàng...)"
"1694","commission","ủy ban"
"1695","surround","bao quanh / xoay quanh"
"1696","verify","xác minh"
"1697","engine","động cơ"
"1698","possibility","khả năng"
"1699","panel","tấm"
"1700","then","vậy thì"
"1701","savings","tiền tiết kiệm"
"1702","preview","xem trước"
"1703","kit","bộ"
"1704","undergo","trải qua"
"1705","given","xét"
"1706","serious","nghiêm trọng / nghiêm túc"
"1707","physical","thể chất"
"1708","multiple","nhiều"
"1709","athletic","thể thao / điền kinh"
"1710","gold","vàng"
"1711","import","nhập khẩu"
"1712","fundraising","việc gây quỹ"
"1713","spokesperson","người phát ngôn"
"1714","income","thu nhập"
"1715","eco","môi trường / sinh thái"
"1716","junior","cấp thấp"
"1717","sector","lĩnh vực"
"1718","aspect","khía cạnh"
"1719","minor","nhỏ"
"1720","look to","muốn"
"1721","programming","lập trình"
"1722","disease","căn bệnh"
"1723","monitor","giám sát"
"1724","with/in regard to","về (= about)"
"1725","unit","sản phẩm"
"1726","rest","phần còn lại"
"1727","model","mô hình"
"1728","apparel","quần áo"
"1729","amazing","tuyệt vời"
"1730","quote","báo giá"
"1731","in case","phòng khi / trong trường hợp"
"1732","timely","kịp thời"
"1733","belongings","đồ đạc"
"1734","now that","bởi vì bây giờ"
"1735","regard","đánh giá"
"1736","grateful","biết ơn"
"1737","utilize","sử dụng"
"1738","payroll","tiền lương"
"1739","occasionally","thỉnh thoảng"
"1740","mutually","chung"
"1741","remodel","sửa đổi"
"1742","wonder","muốn biết"
"1743","resign","từ chức"
"1744","mechanic","thợ máy"
"1745","orientation","việc định hướng"
"1746","strength","điểm mạnh / sức mạnh"
"1747","injury","chấn thương"
"1748","consist","bao gồm"
"1749","sightseeing","việc ngắm cảnh"
"1750","divide","chia"
"1751","incorporate","kết hợp"
"1752","enthusiastic","nhiệt tình"
"1753","ongoing","đang diễn ra"
"1754","reminder","thư nhắc nhở"
"1755","provided that","miễn là"
"1756","prohibit","cấm"
"1757","intention","ý định"
"1758","alike","như nhau"
"1759","on the other hand","mặt khác"
"1760","absent","vắng mặt"
"1761","shortage","sự thiếu"
"1762","characteristic","đặc điểm"
"1763","sensitive","nhạy cảm / nhạy"
"1764","amateur","nghiệp dư"
"1765","dramatically","nhanh chóng"
"1766","owing to","do"
"1767","wage","tiền lương"
"1768","whichever","bất kỳ cái nào"
"1769","array","tập hợp"
"1770","favorable","thuận lợi"
"1771","alternate","thay thế"
"1772","dangerous","nguy hiểm"
"1773","lately","gần đây (recently)"
"1774","concentrate","tập trung"
"1775","precisely","chính xác"
"1776","interrupt","gây gián đoạn"
"1777","scenery","quang cảnh"
"1778","enroll","đăng ký"
"1779","elsewhere","ở nơi khác"
"1780","sum","số tiền"
"1781","deserve","xứng đáng"
"1782","sharply","nhanh chóng"
"1783","row","hàng"
"1784","one another","lẫn nhau"
"1785","wrap","gói"
"1786","beforehand","trước"
"1787","adversely","bất lợi"
"1788","institute","ban hành"
"1789","turn in","nộp"
"1790","stadium","sân vận động"
"1791","periodically","thỉnh thoảng"
"1792","in touch","liên lạc"
"1793","abundant","nhiều"
"1794","immensely","to lớn"
"1795","agenda","nội dung cuộc họp"
"1796","escort","đi theo"
"1797","blend","sự pha trộn"
"1798","consequently","vì vậy"
"1799","journey","chuyến đi"
"1800","waive","bãi bỏ"
